{
  "id": "3470327",
  "name": "no name",
  "font_family": "iconfont",
  "css_prefix_text": "icon-",
  "description": "",
  "glyphs": [
    {
      "icon_id": "629343",
      "name": "首页",
      "font_class": "shouye",
      "unicode": "e64f",
      "unicode_decimal": 58959
    },
    {
      "icon_id": "2076282",
      "name": " 订单",
      "font_class": "dingdan",
      "unicode": "e897",
      "unicode_decimal": 59543
    },
    {
      "icon_id": "2076312",
      "name": " 我的",
      "font_class": "wode",
      "unicode": "e8a0",
      "unicode_decimal": 59552
    },
    {
      "icon_id": "11372661",
      "name": "发现",
      "font_class": "faxian",
      "unicode": "e8af",
      "unicode_decimal": 59567
    }
  ]
}
